credit ID,difference,abs difference
1.0,-0.03144334738591237,0.03144334738591237
2.0,-0.021331021751175072,0.021331021751175072
3.0,-4.75978066392365,367.6934580611845
4.0,-2434.034083122949,2603.61426742952
