,credit ID,difference,abs difference
0,0,0,0
1,0.0,-0.03441460725066836,0.03441460725066836
2,1.0,-0.02131446111283175,0.02131446111283175
3,2.0,-4.766550839623932,367.6996264664576
4,3.0,-2434.0345795170233,2603.6146726354846
