,credit ID,difference,abs difference
0,0,0,0
1,0.0,-0.03441460725066836,0.03441460725066836
2,1.0,-0.02131446111283175,0.02131446111283175
3,2.0,-2.8079326755614438,430.5666440227273
4,3.0,-2430.742465259211,2430.742465259211
