credit ID,difference,abs difference
1.0,-0.03144334738591237,0.03144334738591237
2.0,-0.021331021751175072,0.021331021751175072
3.0,-2.8009710863552053,430.55995694936826
4.0,-2430.7419757558837,2430.7419757558837
